eta,t,b,w1,w2,loss,mistakes,gradient_b,gradient_w1,gradient_w2
0.001,0,-5.75,0.0,1.0,51.04811725254275,31,-17.41779924806547,-116.61920987326323,-105.2055985956132
0.001,1,-5.732582200751935,0.11661920987326323,1.1052055985956133,42.73284371726053,15,8.295908167163208,46.319686531911856,24.07315597249908
0.001,2,-5.740878108919098,0.07029952334135137,1.0811324426231141,41.66805113286533,7,-0.09860549886983416,-6.261293648834414,-17.045573708625046
0.001,3,-5.740779503420228,0.07656081699018578,1.0981780163317392,41.49482323350768,7,2.415078146105339,9.555315225976901,-4.559842048286231
0.001,4,-5.743194581566334,0.06700550176420889,1.1027378583800254,41.3932416600423,8,1.6003113803506164,4.44503946226013,-8.528228616101586
0.001,5,-5.744794892946684,0.06256046230194875,1.111266086996127,41.299969095535836,8,1.8506186088232475,6.025876321781818,-7.240812345165421
0.001,6,-5.746645511555507,0.05653458598016694,1.1185068993412925,41.20813386757458,8,1.7656487932652745,5.499792022446189,-7.609201107910825
0.001,7,-5.748411160348772,0.05103479395772075,1.1261161004492033,41.11705330311068,8,1.7861544425295117,5.636359828730468,-7.457233755082616
0.001,8,-5.750197314791302,0.045398434128990285,1.133573334204286,41.02665292355767,8,1.7737491984095244,5.56605517210405,-7.46807451713909
0.001,9,-5.7519710639897115,0.03983237895688624,1.1410414087214251,40.936919479902535,8,1.7716205569326036,5.560241117371834,-7.428515457502339
0.001,10,-5.753742684546644,0.034272137839514404,1.1484699241789276,40.847845820690395,8,1.766356748926198,5.5346492847815805,-7.404761832819756
0.001,11,-5.7555090412955705,0.028737488554732824,1.1558746860117473,40.75942545800697,8,1.7621000814691614,5.515307439522603,-7.37636259927848
0.001,12,-5.75727114137704,0.02322218111521022,1.1632510486110257,40.67165203439985,7,1.757577360493213,5.494216915123506,-7.349599995319933
0.001,13,-5.759028718737533,0.017727964200086717,1.1706006486063456,40.584519270577644,7,1.7531773481576893,5.47382122713524,-7.3225523419602965
0.001,14,-5.760781896085691,0.012254142972951475,1.1779232009483058,40.498020959571804,7,1.7487814703442446,5.453376286544193,-7.29580229711503
0.001,15,-5.762530677556035,0.006800766686407282,1.1852190032454208,40.41215096539984,7,1.744425209395255,5.4331059177471,-7.269172103997056
0.001,16,-5.76427510276543,0.001367660768660182,1.1924881753494179,40.326903222152474,7,1.7400975207572342,5.412941612522977,-7.242713683428062
0.001,17,-5.766015200286188,-0.004045280843862796,1.199730889032846,40.24227173313328,7,1.7358013412530044,5.392902693335234,-7.216409967707841
0.001,18,-5.767751001627441,-0.00943818353719803,1.2069472990005539,40.15825057001073,7,1.7315354334393718,5.372982246018931,-7.19026451392258
0.001,19,-5.76948253706088,-0.014811165783216961,1.2141375635144764,40.07483387198062,7,1.7272998040306948,5.353181162134552,-7.164274759938129
0.001,20,-5.7712098368649105,-0.020164346945351512,1.2213018382744145,39.9920158449379,7,1.7230940954669611,5.333498033955654,-7.1384399629105
0.002,0,-5.75,0.0,1.0,51.04811725254275,31,-17.41779924806547,-116.61920987326323,-105.2055985956132
0.002,1,-5.715164401503869,0.23323841974652645,1.2104111971912264,64.55608691480401,42,29.125807095647588,174.14372394361618,121.71154092025998
0.002,2,-5.773416015695164,-0.11504902814070592,0.9669881153507064,75.92846938923972,49,-32.64349550942571,-215.5907212228488,-185.69165441783332
0.002,3,-5.708129024676313,0.3161324143049917,1.3383714241863731,101.36416055095474,49,40.26533385548464,240.57442686442587,170.8491696546641
0.002,4,-5.788659692387283,-0.16501643942386002,0.9966730848770449,81.89978826422885,50,-34.91956890208412,-230.49923359045857,-197.8254517737773
0.002,5,-5.718820554583115,0.2959820277570571,1.3923239884245995,105.34329164993625,49,40.99262163789206,244.8621685174723,174.03820087779698
0.002,6,-5.8008057978588985,-0.1937423092778875,1.0442475866690055,79.55594310304508,50,-34.25793153220758,-226.10896263012597,-194.0686623313414
0.002,7,-5.732289934794483,0.25847561598236446,1.4323849113316882,102.59562493022315,49,40.524598405352805,242.13395438472008,172.14333192151528
0.002,8,-5.813339131605189,-0.22579229278707574,1.0880982474886576,78.72626540690794,49,-34.09482211021907,-224.99819614546772,-193.0181441902402
0.002,9,-5.745149487384751,0.22420409950385972,1.474134535869138,100.96993652355187,49,40.240788411247024,240.4845577476236,171.02990849072864
0.002,10,-5.825631064207245,-0.25676501599138746,1.1320747188876807,77.63192532266167,49,-33.83026926057002,-223.2220369071372,-191.41896087185958
0.002,11,-5.757970525686106,0.18967905782288697,1.5149126406314,99.1341750772846,49,39.90746149360869,238.54246856131323,169.70602771387706
0.002,12,-5.837785448673323,-0.2874058792997395,1.1755005852036458,76.57612975487378,49,-33.56886514788151,-221.4681473041958,-189.8389556249184
0.002,13,-5.7706477183775595,0.15553041530865214,1.5551784964534825,97.32447527544782,49,39.567011548041634,236.5564032264723,168.35135941401708
0.002,14,-5.849781741473643,-0.3175823911442925,1.2184757776254482,75.5096545200533,49,-33.29328355542564,-219.622649466441,-188.18395866748253
0.002,15,-5.783195174362791,0.12166290778858951,1.5948436949604132,95.50332552889792,48,39.21198185314669,234.4822967690845,166.93399710328612
0.002,16,-5.861619138069084,-0.34730168574957954,1.260975700753841,74.43921140219217,49,-33.00577805174326,-217.70039752935892,-186.46623444012457
0.002,17,-5.795607581965598,0.08809910930913833,1.63390816963409,93.67729450488446,48,38.84317526866895,232.32461859895,165.45706292957496
0.002,18,-5.873293932502936,-0.3765501278887617,1.30299404377494,73.36336357210212,48,-32.70567538633726,-215.6970126793239,-184.68214319928873
0.002,19,-5.8078825817302615,0.054843897469886105,1.6723583301735176,91.84638505480271,47,38.46011759199106,230.08031452191727,163.91823423869855
0.002,20,-5.8848028169142435,-0.40531673157394843,1.3445218616961205,72.28182682116898,48,-32.392691206866154,-213.61068083444871,-182.83017968212766
