x1,x2,y
7.021,4.675,0
6.373,4.473,0
6.914,4.809,0
5.426,4.156,0
6.485,4.561,0
5.741,4.589,0
6.260,4.384,0
4.894,3.304,0
6.598,4.651,0
5.200,3.900,0
4.998,3.570,0
5.922,4.121,0
6.003,3.875,0
6.095,4.875,0
5.584,3.366,0
6.705,4.291,0
5.580,4.671,0
5.833,4.347,0
6.177,4.629,0
5.603,3.706,0
5.869,4.701,0
6.116,3.962,0
6.290,4.718,0
6.065,4.541,0
6.455,4.227,0
6.588,4.307,0
6.799,4.873,0
6.663,4.946,0
6.034,4.208,0
5.694,3.481,0
5.405,3.812,0
5.494,3.587,0
5.804,3.596,0
5.934,5.377,0
5.358,4.467,0
5.952,4.455,0
6.715,4.635,0
6.342,4.139,0
5.625,4.047,0
5.515,3.932,0
5.470,4.557,0
6.147,4.296,0
5.823,3.936,0
5.008,3.226,0
5.536,4.271,0
5.735,4.162,0
5.646,4.386,0
6.229,4.050,0
5.100,3.000,0
5.713,3.822,0
6.326,6.031,1
5.786,4.958,1
7.095,5.913,1
6.214,5.936,1
6.569,6.070,1
7.568,6.619,1
4.900,4.500,1
7.300,6.300,1
6.728,6.087,1
7.166,6.208,1
6.516,4.895,1
6.433,5.140,1
6.821,5.454,1
5.672,4.884,1
5.822,5.289,1
6.351,5.385,1
6.577,5.562,1
7.683,6.561,1
7.675,6.948,1
6.013,5.121,1
6.909,5.738,1
5.565,5.016,1
7.775,6.772,1
6.403,4.806,1
6.766,5.758,1
7.253,5.981,1
6.208,4.963,1
6.126,5.208,1
6.381,5.719,1
7.186,5.698,1
7.400,6.100,1
7.900,6.400,1
6.494,5.807,1
6.238,5.296,1
6.048,5.676,1
7.700,6.100,1
6.268,5.630,1
6.464,5.473,1
5.982,4.788,1
6.946,5.410,1
6.691,5.495,1
6.875,5.135,1
5.708,5.213,1
6.842,6.020,1
6.652,5.826,1
6.746,5.190,1
6.321,5.051,1
6.546,5.228,1
6.156,5.542,1
5.900,5.034,1
